Jan,Feb,Mar,Apr,May,Jun,Jul,Aug,Sep,Oct,Nov,Dec,RAWS
1.919354839,2.625,3.729032258,12.98,32.24666667,48.24,40.26129032,31.67741935,30.84333333,28.81935484,19.03333333,3.525806452,55205
2.838709677,4.207142857,14.26774194,33.80666667,40.85666667,59.18666667,53.20967742,44.5483871,42.39666667,41.43225806,27.15333333,8.164516129,55704
2.529032258,3.592857143,8.948387097,27.75333333,37.8,55.22666667,47.41935484,39.34193548,38.28333333,36.9516129,21.63333333,4.893548387,55706
1.85483871,2.582142857,3.925806452,17.81666667,37.08333333,54.63333333,46.48387097,38.72258065,36.15,33.18064516,23.27,5.067741935,55902
1.780645161,2.589285714,7.638709677,25.89666667,39.08666667,55.65333333,47.86451613,40.06774194,37.88,34.69032258,27.09666667,6.619354839,55901
30.76129032,31.92142857,40.01612903,45.27,45.24,62.09333333,54.86774194,45.57096774,43.61,41.74516129,38.81666667,31.55483871,55710
2.212903226,2.714285714,11.27741935,31.14,41.64,58.66333333,49.82580645,41.83548387,39.54333333,34.12258065,27.60333333,6.451612903,55805
1.9,2.678571429,3.783870968,4.376666667,10.94666667,42.52333333,38.94516129,31.3516129,30.16,23.68064516,13.77,1.909677419,55807
